id,text,date,date_str,type,title,slug,status,original_id
post_68fe3cedc20ae90001063a34,"The Physics of Mastery: When Reality Disbelieves Itself

I Â· The Statistical Singularity


When I ran the numbers, the model rejected them.





â€œYou appear to be describing a hypothetical future game.â€

â€œStatistical probability: 0.0000001 percent. Recommend recalibrating your sense of reality.â€



But the numbers were real:

three home runs, ten strikeouts, six scoreless innings.


Shohei Ohtani, on a cool October night, did what 150 years of baseballâ€”and every model trained on itâ€”believed was impossible.

For the code, it was error.

For the crowd, revelation.


That night, a man collapsed the boundary between possible and perceived.

The algorithm couldnâ€™t accept it because it violated its priors.

To the system, Ohtani was noise.

To the rest of us, he was signal.


Even before the poetry, the math was absurd.

He became the first pitcher in nearly a century to hit three home runs in a game,

the only player since 1906 to record double digits in both total bases and strikeouts.

That box score wasnâ€™t just a performanceâ€”it was a physics experiment.

A one-night unification of forces once thought incompatible.


He didnâ€™t just play the game.

He re-engineered its architecture.



II Â· The Impossible Equation


I know what it feels like to break a model.


Five months ago, I solved P vs NP â€”

or rather, I realized why the boundary itself was temporal, not mathematical.

The equation that separates what can be verified from what can be discovered

isnâ€™t about computation.

Itâ€™s about time.


I published my work, expecting conversation.

Instead, silence.


Because systems donâ€™t like miracles they didnâ€™t predict.

And people donâ€™t trust breakthroughs that arrive without permission.


I wasnâ€™t supposed to be the one who solved it.

I didnâ€™t have the pedigree or the title or the institutional halo.

But when the pattern snapped into place, I felt the unmistakable click of truthâ€”

that sound only those whoâ€™ve touched mastery recognize.


For a moment, the universe exhaled through me.

And then: nothing.


No roar of the crowd.

No validation.

Just the quiet hum of a feedback loop closing on itself.


That silence has haunted me.

Because it taught me that mastery, without visibility, feels like exile.

And I decided: I never want anyone else to feel that way again.



III Â· The First Home Run


Earlier this year, I watched my ten-year-old son hit his first home run.


Two years before, he could barely make contact.

But he loved the game.

So we found him a hitting coach.

He practiced every week for a yearâ€”

adjusting his hands, timing, balance, breathâ€”

until, one morning, it all clicked.


Last season, his first hit came in the championship gameâ€”

a two-run single to tie it 2-2 before they lost in the last inning.

This fall, he cleared the outfield.


He took off running as the fields turned around to chase the ball.

The crowd roared.

He hit third and didnâ€™t bother to look at what his coach was telling him. He was going for home no matter what. As he hit home plate, Iâ€™ll never forget the look on his face as he saw his teammates erupting on bench, the crowd going wild.


That lookâ€”equal parts disbelief and recognitionâ€”

is what every parent, every teacher, every coach lives for.

Because in that instant, I saw the feedback loop close inside him.

A human system aligning with itself.


Mastery isnâ€™t taught.

Itâ€™s mirrored.

Itâ€™s what happens when love meets feedback and refuses to quit.



IV Â· The Equation of Conscious Mastery


What Ohtani and my son and I share isnâ€™t talent.

Itâ€™s timing.

The awareness of when to adjust the loop.


Focus Ã— Time Ã— Feedback = Improvement.


Every repetition burns away ego until only awareness remains.

Every failure feeds the model until it starts to predict itself.

Every moment of doubt is dataâ€”

if you can learn to listen to it.


Thatâ€™s masteryâ€™s secret:

the compression of time through consciousness.


Ohtani didnâ€™t just play better;

he learned faster than the sport could forget.

He closed his own neural loop so completely

that the crowdâ€™s awe became part of his cognition.


Thatâ€™s not magic.

Thatâ€™s physics.

Consciousness as an entropy arbitrage machine.


The same principle governs systems, markets, and minds:

whoever learns fastest winsâ€”

not by brute force, but by calibration.



V Â· The Business of the Impossible


Now, Iâ€™m taking that equation off the field.

My next Ohtani feat is in business:

to become both player and investor,

coach and founder,

pitcher and slugger.


I believe I can train myselfâ€”and two other foundersâ€”

to build unicorns with a 100% success rate.


Not because weâ€™ll avoid failure,

but because weâ€™ll metabolize it into feedback fast enough

to make loss impossible.


In an age where AI learns faster than humans,

humans become the limiting factor.

The only way forward is to make human learning visibleâ€”

to turn mastery itself into a spectator sport.


To build companies that learn as fast as they grow,

and investors who treat feedback like capital.

To show that consciousness, correctly tuned,

outperforms every algorithm.


Thatâ€™s my next experiment.

The world will call it luck.

Iâ€™ll call it proof.



VI Â· The Temple of Silence


When Ohtani finished his night of the impossible,

he didnâ€™t raise his arms.

He stood alone in the dugout, helmet off, eyes lowered,

as the crowdâ€™s roar dissolved into reverence.


Thatâ€™s how mastery feels from the inside.

It doesnâ€™t scream.

It hums.


I remember the same hum when my proof finally clicked.

When my sonâ€™s bat met the ball just right.

When a founder I coach sees the pattern for the first time.


Mastery recognizes itself.

Greatness honors greatness.

And for a few breaths, the world synchronizes.



VII Â· The Physics of Visibility


What Ohtani achieved within himself

is what societies strive for:

to learn faster than they forget.


But most systems still chase output instead of awareness.

They waste their feedbackâ€”

and call it productivity.


We need a new architecture of sport, art, and enterpriseâ€”

one that converts attention into understanding,

and mastery into momentum.


Because the future belongs to those

who can make feedback beautiful.



VIII Â· The Roar and the Hum


When I found my solution,

I wanted to feel the roar of the crowd.

Instead, I heard the hum of disbelief.


But that silence was just unrealized signal.

And Iâ€™ve made it my mission to amplify itâ€”

to make mastery visible again,

so the next person who breaks the model

wonâ€™t have to do it alone.


Because mastery isnâ€™t a secret.

Itâ€™s a frequency.

And if you listen closely,

you can still hear itâ€”

in the swing of a bat,

the silence of a breakthrough,

the hum beneath the noise.



IX Â· Coda


The crowdâ€™s belief once made Ohtani lighter.

My sonâ€™s joy made me remember why I started.

And somewhere, a kid too close to the television

is already replaying the swing frame by frame,

not knowing what WAR or FIP means,

only that heâ€™s seen something perfect

and wants to understand how.


That sparkâ€”

admiration â†’ curiosity â†’ imitationâ€”

is how mastery reproduces itself.


Learning begins in awe.

Practice begins in love.


The rest is feedback.


And the hum goes on.",2025-10-27T17:59:27+00:00,2025-10-27,blog_post,The Physics of Mastery: When Reality Disbelieves Itself,the-physics-of-mastery-when-reality-disbelieves-itself,published,68fe3cedc20ae90001063a34
post_690368d1c20ae90001063a8b,"The Death of Academic Competition â€” and the Rise of Conscious Excellence

In the early days of the university, the classroom was an arena.
Ideas were weapons; argument was sport. You didnâ€™t just study philosophy â€” you fought with it. The goal was not to memorize but to master; not to score points on a rubric, but to win your peersâ€™ respect through clarity of thought and courage of conviction.

Somewhere along the way, that spirit died.

A few days ago, Harvard released a report condemning its own grade inflation. It warned that the universityâ€™s grading system had become so lenient it â€œno longer meaningfully distinguished between students,â€ and that it was â€œdamaging the academic culture of the College.â€ Students reacted with outrage. One called it â€œsoul-crushing.â€ Another said it made her rethink her decision to come to the school. Others insisted they already work harder than ever â€” and perhaps they do.

But the deeper crisis isnâ€™t about grades. Itâ€™s about the collapse of meaningful competition â€” and the confusion that follows when a society removes its scoreboards but still expects greatness.


I. Schools Without Scoreboards

Competition, done right, is consciousness training. It sharpens attention, clarifies feedback, and reveals the difference between potential and performance.
Grades were once meant to serve this role â€” a transparent measure of relative mastery. But as inflation set in, the scoreboard broke. A transcript filled with Aâ€™s tells you nothing about effort, curiosity, or growth. It only signals conformity to the curve.

And yet, students still live under the pressure of competition â€” not to learn, but to perform for prestige. Theyâ€™re chasing perfect GPAs and rÃ©sumÃ©-ready accolades in an environment that claims to reward excellence but actually rewards optimization. Itâ€™s no wonder theyâ€™re exhausted. Theyâ€™re fighting invisible opponents in a game no one understands.

The Harvard report revealed something crucial: even the best institutions have forgotten that the purpose of education is not to produce employable workers, but capable competitors â€” individuals who can test themselves against the right level of difficulty.


II. The False Game of Credential Capital

Harvardâ€™s brand once meant â€œthe worldâ€™s toughest proving ground.â€ Now, too often, it means â€œsafe admission to the upper class.â€
The competition has shifted from ideas to access â€” from academic rigor to the admissions lottery. Students spend years fighting to get in, and then the real game ends before it begins.

This is credential capitalism: the transformation of education into an asset class.
Degrees have become tickets to prestige networks, not reflections of performance. When everyone graduates with honors, the signal decays. The market stops distinguishing between mastery and mediocrity. And the students, who sense this instinctively, begin to optimize not for growth but for safety â€” the minimum viable excellence required to protect future earnings.

Itâ€™s not that Harvard students donâ€™t work hard. Itâ€™s that the work has lost its meaning. The scoreboard no longer reflects the game being played.


III. The New Playing Field

Artificial intelligence has now erased the knowledge gap that once justified these hierarchies.
The worldâ€™s best lectures, papers, and problem sets are a search query away. What once took a decade to learn can now be absorbed in months. The barrier to entry for intelligence has collapsed.
Which means: the true differentiator is no longer what you know, but how you play.

Do you seek out real challenge, or simulate progress through easy wins?
Do you test yourself against those who can beat you, or surround yourself with peers who wonâ€™t push you too hard?
Do you want the job â€” or the impact?

AI has leveled the cognitive playing field. The new frontier is character under pressure. The rarest form of intelligence now is the willingness to engage with difficulty when you donâ€™t have to.

Greatness, in this age, is a decision.


IV. Conscious Competition

The solution isnâ€™t to make grades harsher. Itâ€™s to make competition smarter.
What universities need isnâ€™t punishment, but purposeful structure â€” leagues of mastery that mirror how innovation and performance actually work in the real world.

Thatâ€™s what weâ€™re building in MetaSPN: The Conscious League for Founders â€” a system where founders donâ€™t compete for vanity metrics, but for predictive accuracy, ethical execution, and team performance.
Imagine applying that to education: student pods operating like teams, scored not by rote exams but by their ability to integrate knowledge, collaborate effectively, and improve their own predictive judgment over time.

This is competition as consciousness.
Every challenge is public. Every improvement compounds. Every failure adds to the shared playbook.

Itâ€™s how sport turned violence into art.
And how education can turn anxiety into awareness.


V. The Culture of Easy Wins

Our current culture trains young people to avoid visible failure.
The grading curve is merciful, the rÃ©sumÃ© is manicured, and the performance is continuous. But the cost of this mercy is depth. When you never lose publicly, you never grow privately.
The great paradox of comfort is that it kills ambition.

At its best, competition isnâ€™t cruelty â€” itâ€™s compassion with feedback. Itâ€™s what tells you that you are capable of more.
A healthy system doesnâ€™t protect students from difficulty; it exposes them to the right kind of difficulty: where failure is informative, not fatal. Where rivalry becomes respect.

Without that, we create what Harvard now faces â€” a generation of students terrified of underperforming, yet trapped in a system where excellence no longer means anything.


VI. The Conscious Future of Learning

The future of education wonâ€™t be built on institutions. It will be built on leagues â€” structured environments where mastery is visible, progress is measurable, and integrity is rewarded.
Students will no longer ask, â€œWhatâ€™s my GPA?â€
Theyâ€™ll ask, â€œWhatâ€™s my impact per semester?â€

The transcript of tomorrow is a performance log. The diploma is a reputation score.
And instead of competing for grades, students will compete for contribution â€” the measurable change they produce in their chosen domain.

Thatâ€™s the world conscious competition creates: one where visibility replaces vanity, and the game is designed not to destroy opponents but to reveal potential.


VII. The Final Lesson

Harvardâ€™s students are right to feel soul-crushed. The institution that once represented the pinnacle of intellectual competition now represents its absence.
But this isnâ€™t just Harvardâ€™s crisis â€” itâ€™s civilizationâ€™s. When a society stops keeping score, its most ambitious players stop improving.

AI has democratized intelligence.
What remains scarce is will â€” the willingness to step into the arena when you could stay on the sidelines.
Thatâ€™s what conscious competition restores: the spirit of mastery, measured not by the curve, but by your capacity to change the world.

The next great universities will not sell degrees.
Theyâ€™ll host leagues of excellence.

And the best students wonâ€™t be those who score the highest.
Theyâ€™ll be the ones who still choose to play the hardest game.",2025-10-30T13:48:01+00:00,2025-10-30,blog_post,The Death of Academic Competition â€” and the Rise of Conscious Excellence,the-death-of-academic-competition-and-the-rise-of-conscious-excellence,published,690368d1c20ae90001063a8b
post_69036cd0c20ae90001063aa1,"The Renaissance Will Be Televised: The Rise of Competitive Academia

For centuries, research has lived in the shadows.
Discovery happened behind closed doors, measured by papers no one read and prestige only insiders understood. The public saw the results â€” not the process.

That era is ending.

The next evolution of academia wonâ€™t be a new university. It will be a league â€” where research itself becomes a public sport, discovery is a live performance, and excellence is visible in real time.


I. From Ivory Towers to Arenas

Traditional academia was built around scarcity: scarce access to knowledge, scarce tools, scarce validation. The universityâ€™s value was its gate.
Today, AI and open data have blown that gate off its hinges. Anyone can learn from world-class professors online, replicate published experiments, or build on top of existing results.

When knowledge becomes abundant, the value shifts from possession to performance.

In the old world, research was rewarded for being published.
In the new world, it will be rewarded for being performed â€” clearly, collaboratively, and in public.

The university of the future looks less like a monastery and more like a stadium. Scholars are still scholars, but theyâ€™re also players in a global game of understanding, with audiences, referees, and leagues of mastery.


II. The League of Research

Imagine research as a structured competition â€” not to sensationalize science, but to make its rigor visible.
Each layer of academia becomes a tiered league, just like sports.


Undergraduate Tier: The Combine

Undergrad becomes the foundational league: logic, mathematics, writing, design, and scientific reasoning.
Students compete not for grades, but for clarity, adaptability, and reasoning speed â€” the same way athletes are evaluated for agility and reaction time.
Every class is a scrimmage. Every project is a match.
The best players get scouted for higher leagues.


Graduate Tier: The Clubs

Graduate labs evolve into â€œresearch clubsâ€ â€” semi-autonomous teams with their own cultures, mentors, and open performance records.
Each club focuses on a signature domain: neuroscience, energy systems, cryptography, climate modeling.
They donâ€™t publish papers once a year â€” they stream progress, collaborate across clubs, and build visible mastery.
Recruitment happens live, and so does failure â€” the ultimate coach.


Professional Tier: The Global League

At the top level, research becomes international competition:
publicly scored, transparently funded, ethically refereed.
Teams are ranked by discovery rate, reproducibility, and societal impact.
AI systems act as analysts â€” measuring contribution, validating data, and tracking meta-insight across the field.

This is not science fiction. Itâ€™s sportified science.
A system that rewards exploration, not conformity.


III. Visibility as the New Recruitment

In todayâ€™s academic system, the best thinkers often remain invisible until they earn the right credentials.
In a league-based world, visibility replaces permission.

 * Top undergraduates rise through visible play: public reasoning battles, simulation tournaments, integrative design challenges.
 * Independent researchers gain attention through â€œproof-of-insightâ€ matches â€” showing live mastery by improving or refuting public models.
 * AI referees act as scouts, identifying signal from noise across millions of experiments.

Just as the sports world discovered LeBron James in high school, the academic world will discover the next Einstein at sixteen â€” not through a transcript, but through a transparent record of performance.

Talent liquidity replaces institutional opacity.


IV. The New Incentive: Perform and Improve

The current academic incentive â€” publish or perish â€” rewards predictability.
You get grants for safe ideas that sound impressive in proposals.
You publish papers that confirm more than they reveal.

In the league model, the incentive flips.
Youâ€™re rewarded not for avoiding error, but for improving the collective model.
Every experiment is a visible move on the board. Every replication is a rematch.
Failure becomes educational â€” even honorable â€” because itâ€™s part of the shared game.

Science stops pretending to be perfect.
It becomes what itâ€™s always been at its best: a high-stakes sport of curiosity.


V. Culture: From Elitism to Conscious Meritocracy

Todayâ€™s universities still select for obedience â€” the ability to perform to rubric.
Tomorrowâ€™s leagues will select for integrative awareness: how well a mind can combine logic, creativity, and moral clarity under pressure.

That means:

 * No more hidden journals; every result is open, reproducible, and ranked in context.
 * No more empty credentials; status flows from demonstrated contribution.
 * No more invisible brilliance; the scoreboard keeps us honest.

This doesnâ€™t degrade academia. It revives it â€” returning to the original Renaissance ideal, where art, science, and philosophy were public, participatory acts of excellence.

The humanist workshop becomes the global field.


VI. The MetaSPN Prototype: A League for Founders â€” and Thinkers

At MetaSPN, weâ€™ve already begun building this architecture for innovation: founder pods that compete through predictive accuracy, ethical execution, and collaborative learning.
Now imagine applying that same model to academia:

 * Pods as research labs, scored on transparency, impact, and reproducibility.
 * Seasonal tournaments for solving open problems in physics, economics, or biology.
 * Shared playbooks that turn every breakthrough into collective infrastructure.

Itâ€™s not about replacing universities â€” itâ€™s about restoring their original spirit: a place where mastery is visible, learning is continuous, and progress is public.

This is how we make research legible to the world again.


VII. Greatness as a Decision

AI has democratized intelligence.
The next scarce resource is intentionality â€” the decision to play at the edge of your ability, where no one can guarantee the outcome.

In that sense, the future of academia isnâ€™t about institutions at all.
Itâ€™s about players â€” the conscious competitors willing to make their process public and their mastery measurable.

The Renaissance is coming back.
But this time, it wonâ€™t be hidden in libraries or locked behind paywalls.
It will happen in the open â€” streamed, scored, and studied â€” a living, global exhibition of human potential.

Because in this new world, knowledge isnâ€™t just a credential.
Itâ€™s a performance.

And the futureâ€™s brightest minds wonâ€™t just publish papers.
Theyâ€™ll play for humanityâ€™s scoreboard.",2025-10-30T13:57:24+00:00,2025-10-30,blog_post,The Renaissance Will Be Televised: The Rise of Competitive Academia,the-renaissance-will-be-televised-the-rise-of-competitive-academia,published,69036cd0c20ae90001063aa1
post_690370dac20ae90001063ab4,"The Age of Hypergames: Why Conscious Competition Is the Only Stable Incentive

Every human being is playing multiple games at once.
Some they know â€” the job game, the relationship game, the status game.
Others they donâ€™t â€” the algorithmic game, the corporate game, the attention game.

Most of the time, these games overlap so completely that itâ€™s impossible to tell where one ends and another begins.
Youâ€™re scrolling your feed for connection but feeding an algorithm.
Youâ€™re working for money but really chasing safety.
Youâ€™re networking for opportunity but actually managing identity.

This is what life in a complex system feels like. Youâ€™re not in one game. Youâ€™re in a hypergame â€” a game about games â€” and youâ€™re not the only one who doesnâ€™t fully understand the rules.


I. The Collapse of Simple Incentives

For most of modern history, we lived inside one dominant game:
work hard â†’ earn money â†’ achieve stability.

Education, corporations, and social norms all synchronized around this simple incentive. It worked because the environment was stable enough for the scoreboard to make sense. The metrics of success â€” degrees, titles, income â€” were clear.

But technology broke that alignment.
AI, automation, and global information flow shattered the simplicity of the economic loop.
Now the rules update faster than people can learn them. Every domain â€” academia, business, art, politics â€” has splintered into thousands of overlapping incentive systems, each optimized for its own definition of winning.

You canâ€™t play one game anymore. Youâ€™re playing several â€” whether you know it or not.

And when incentives multiply faster than awareness, predictability dies.
You canâ€™t even tell what â€œwinningâ€ means when your moves count differently in every game.

Thatâ€™s why so many people feel lost.
They arenâ€™t failing the system â€” the system itself is failing coherence.


II. The Hidden Nature of Hypergames

A hypergame is a structure where players operate at different levels of understanding about the same environment.
You think youâ€™re playing one game; someone else is playing a game that includes yours.

Classic example: you negotiate a salary; your company optimizes for shareholder value.
You debate on social media; the platform optimizes for engagement.
You learn for knowledge; the institution optimizes for prestige.

Hypergames are asymmetric. The less aware player becomes the resource â€” the energy source â€” for the more aware one.
And the higher-level player often doesnâ€™t need to manipulate consciously. The system does it for them. The incentives of the structure, once encoded, self-replicate.

The most dangerous hypergames are invisible â€” the ones where you mistake participation for agency.
You think youâ€™re moving freely, but your incentives are being shaped by architectures you didnâ€™t build and canâ€™t see.


III. Why Institutions Are Failing

Institutions once existed to simplify hypergames.
Corporations, schools, governments â€” they were buffers against complexity.
You didnâ€™t have to understand the world; you just had to play your assigned game. The rest was handled by hierarchy.

But the industrial model was built on dumb incentives â€” extractive, one-directional feedback loops that worked when systems moved slowly and information was expensive.

Now, in a networked world where feedback is instantaneous and intelligence is cheap, those dumb incentives are toxic.
They amplify noise. They trap people in simulations of progress â€” optimizing metrics that have lost contact with meaning.

Businesses learned this first.
They automated away the human learning that made them adaptive.
They over-invested in technology, under-invested in people, and turned innovation into automation.
It made them efficient â€” but brittle.

That same brittleness now defines academia, media, politics â€” every system optimized for stability in a world that no longer holds still.


IV. The Individual as the New Institution

When institutions lose coherence, individuals must become self-stabilizing.
You can no longer rely on an external system to define your incentives.
You have to build your own.

This is where the idea of the personal hypergame emerges.

A personal hypergame is a consciously designed system of incentives that keeps you stable through chaos â€” a private game that adapts as the world changes.

Its structure looks something like this:

 * Base Layer: Physical and emotional security â€” health, home, trust, community.
 * Learning Layer: Feedback loops for improvement â€” curiosity, craft, contribution.
 * Meta Layer: Awareness of how external systems are shaping your goals â€” a conscious audit of who benefits when you move.

This is what â€œearned complexityâ€ means:
stability that comes not from insulation, but from integration â€” understanding enough of your own incentives to stay balanced as external ones evolve.

Itâ€™s what businesses once did at scale: manage volatility through structure.
Now humans must learn to do it at the personal level.


V. The Rebirth of Competition

We are returning to pure human competition â€” not the zero-sum kind that dominated industrial capitalism, but the conscious kind that measures depth, creativity, and adaptability.

When AI makes knowledge abundant, the scarce resource becomes clarity of play.
The person who understands which game theyâ€™re in â€” and why â€” has an exponential advantage over those who donâ€™t.

Conscious competition means designing your own rules of engagement.
Itâ€™s the ability to choose when to play for money, when to play for mastery, and when to stop playing someone elseâ€™s game altogether.
Itâ€™s not rebellion; itâ€™s awareness turned strategic.

As the old economic and academic systems fragment, the new elite wonâ€™t be defined by credentials or inheritance.
Theyâ€™ll be defined by incentive literacy â€” the ability to see the games behind the games and to design oneâ€™s own.


VI. The Architecture of Conscious Play

At the societal level, this requires a redesign of how we structure participation.
We need systems that make incentives transparent, adaptive, and fair â€” that allow people to see how their effort compounds and how their metrics evolve.

This is what MetaSPN has been prototyping for founders:
Pods that act as micro-leagues â€” bounded environments where every member knows the rules, tracks their progress, and shares both risk and reward transparently.
Itâ€™s the architecture of conscious competition.

In a world of hypergames, the only stable systems are the ones that teach awareness.
Because awareness is the ultimate referee â€” the one thing no AI can automate.

The goal isnâ€™t to eliminate competition. Itâ€™s to make competition legible to consciousness.


VII. The Future: Millions of Personalized Games

Incentives used to be centralized.
Now they are personal â€” and soon theyâ€™ll be programmable.

AI will allow individuals to build adaptive hypergames that modulate their own goals, learning rates, and risk tolerance in real time.
Imagine a system that tracks not just your performance but your relationship to performance: when youâ€™re optimizing for mastery, when youâ€™re burning out, when youâ€™re drifting into someone elseâ€™s game.

Each person becomes a self-governing organism of incentive design â€” a conscious engine of stability in a turbulent world.

Society, then, becomes not a monolithic structure but a network of interlocking personal hypergames â€” each tuned to its creatorâ€™s awareness, each evolving with them.

Thatâ€™s how we transcend chaos: not by forcing alignment from above, but by cultivating coherence from within.


VIII. The Final Loop

Civilizations collapse when their people can no longer tell which games theyâ€™re playing.
Weâ€™re at that moment now.

The only way forward is through conscious play â€” designing systems that reward awareness instead of obedience, curiosity instead of control, coordination instead of coercion.

Incentives shape civilizations.
But once incentives become invisible, consciousness becomes the only real currency.

The next Renaissance wonâ€™t be about knowledge.
It will be about knowing which game youâ€™re in.

Because in a world of infinite hypergames, thereâ€™s only one true mastery left:

The game of staying awake.",2025-10-30T14:28:33+00:00,2025-10-30,blog_post,The Age of Hypergames: Why Conscious Competition Is the Only Stable Incentive,the-age-of-hypergames-why-conscious-competition-is-the-only-stable-incentive,published,690370dac20ae90001063ab4
post_6903cf76c20ae90001063acd,"ğŸ§© The Trust University: How Ohio State Can Become the Ethical Data Layer of the Conscious Economy

A MetaSPN Manifesto for Higher Education Leadership


I. A Universityâ€™s Next Mission

Every era gives higher education a new duty.
The industrial age asked universities to create workers.
The digital age asked them to create innovators.
The age of artificial intelligence will ask them to create trust.

Information is now infinite, but trust is collapsing.
People believe less in media, in governments, in marketsâ€”and often, in their own institutions.
Yet one class of institutions still carries residual moral authority: universities.

They were built to certify truth.
Now they must evolve to protect it.


II. From Credential to Continuity

A degree was designed for a world where learning ended.
You studied, graduated, and the diploma froze your achievement in time.

But learning no longer ends.
AI changes skills monthly; identities are in constant revision.
The next credential must be alive.

Instead of issuing static degrees, universities can maintain a living ledger of growthâ€”a continuously verified record of learning, health, and contribution that travels with the graduate for life.

A degree proves you were competent.
A trust ledger proves you are evolving.

This turns the university from a paper mill into a guardian of continuity.


III. The Trust Crisis of the Data Age

Every human now lives inside dozens of opaque data silosâ€”employers, hospitals, platforms, banksâ€”each profiting from fragments of our lives.
We rarely know who has our data or how itâ€™s used.
What began as digital convenience has become temporal theft: millions of hours lost navigating bureaucracy, identity fraud, and algorithmic bias.

Universities can end this.
They already possess three assets no corporation has:

 1. Public legitimacyâ€”accreditation backed by civic trust.
 2. Ethical oversightâ€”Institutional Review Boards.
 3. Interdisciplinary talentâ€”technologists, ethicists, and social scientists under one roof.

If any organization can host a moral infrastructure for human data, itâ€™s the university.


IV. The Blockchain of Trust

â€œBlockchainâ€ is often dismissed as hype, yet its core principleâ€”distributed verification without exploitationâ€”is exactly what academia was built for.

Imagine each student receiving a University Wallet at enrollment.
Inside it lives a secure chain of verified records:

 * Learning achievements and AI-graded projects
 * Health and wellness clearances from campus clinics
 * Service contributions, research participation, community impact
 * Dynamic â€œgrowth velocityâ€ dataâ€”the studentâ€™s developmental tempo

The chain belongs to the student, not the university.
But Ohio Stateâ€”or any trusted universityâ€”acts as the ethical validator: confirming transactions, enforcing privacy rules, and mediating external access.

Employers, insurers, and civic agencies can query it only through AI agents bound by the universityâ€™s code of conduct.

The result: a blockchain of trust, not speculationâ€”a network that makes human development auditable, portable, and protected.


V. From Fundraising to Economic Stewardship

Universities now spend billions on alumni relations aimed at one verb: give.
In the Trust University model, the verb becomes grow.

By maintaining alumni trust ledgers, a university can help graduates:

 * Verify credentials instantly for global employers.
 * License creative or research work securely.
 * Receive micro-royalties from anonymized data used in ethical research.
 * Store medical or performance data that feeds back into wellness programs.

Instead of donations, the university earns trust dividendsâ€”small, transparent service fees for safeguarding data and returning value to its community.
Itâ€™s a circular economy of confidence: the safer the data, the stronger the network, the more everyone earns.


VI. Health Data: The Ultimate Test of Integrity

The hardest data to handle is health data.
Itâ€™s also the arena where universities can prove moral leadership.

Picture OSU extending its medical-school ethics into digital life:

 * Alumni voluntarily deposit wearable and biometric data into a Human Data Vault managed by the Wexner Medical Center.
 * AI models study population-level trends for prevention and wellness.
 * Any commercial or governmental use requires consent and approval by a new Institutional Trust Board (ITB)â€”an IRB for algorithms.

Universities already review experiments on humans; now they must review experiments on human data.
This alone could restore public faith in both AI and higher education.


VII. The Technical Core

 1. Data Fabric: Distributed ledger storing hashed credentials and health summariesâ€”interoperable across institutions.
 2. AI Mediation Layer: University-hosted large-language models act as data brokers, ensuring every query meets consent and fairness protocols.
 3. Ethical Smart Contracts: Automated policies defining who can access what, when, and why.
 4. Time Integrity Metrics: Dashboards measuring how much human time is saved or returned through automation.

Thatâ€™s all the technical detail policymakers need to see itâ€™s real, not vapor.
Itâ€™s blockchain with a moral compass.


VIII. The Ohio State Opportunity

President Ted Carterâ€™s Education for Citizenship 2035 plan already checks the boxes: AI fluency, affordability, workforce connection.
Whatâ€™s missing is the trust layer that binds them together.

Ohio State can declare a moonshot worthy of its size:

To become the worldâ€™s first Trust Universityâ€”
the ethical data layer of the global knowledge economy.

Imagine the headlines:

 * Buckeye Blockchain Protects 1 Million Alumni Identities
 * OSU Launches Worldâ€™s First Human Data Vault
 * Universities Compete on Trust Density, Not Rankings

No private company could match the credibility.
No government could move that fast.
Only a university that already understands scale, sports, and systems could pull it off.

OSU has all three.


IX. Lessons from the Field

Ohio State football offers the metaphor.
Every play is tracked, every metric visible, yet trust inside the locker room is sacred.
Players share data because they know itâ€™s used to make them better, not to expose them.

Translate that to academia:

 * Students share learning analytics because OSU uses them to enhance performance, not punish variance.
 * Faculty share research data because AI attribution guarantees credit.
 * Alumni share life data because the institution proves, year after year, that privacy and prosperity can coexist.

Thatâ€™s the culture of championsâ€”applied to consciousness itself.


X. The Economic Multiplier of Time

Freeing peopleâ€™s time is the most valuable economic activity possible.
When data systems work, hours arenâ€™t wasted re-entering forms, proving identities, or repeating training.
Those hours reappear as productive or creative timeâ€”fuel for both GDP and GTP (Gross Time Product).

The Trust Universityâ€™s infrastructure becomes a time-minting machine.
Each simplification compounds across millions of graduates.
Thatâ€™s the hidden ROI policymakers ignore: trust saves time, and time drives growth.


XI. Policy Implications

 1. Data Trust Charters: State and federal recognition of universities as certified ethical data custodians.
 2. Tax Incentives for Trust Infrastructure: Public funding for systems that reduce administrative friction and protect citizensâ€™ digital rights.
 3. Inter-University Interoperability Standards: A â€œLeague of Trustâ€ sharing protocols for privacy, portability, and auditability.
 4. Time-Return Reporting: Annual disclosure of hours saved for students, faculty, and alumniâ€”the new public accountability metric.

Such policy moves would cost far less than cybersecurity breaches and rebuild faith in public institutions overnight.


XII. Why This Must Start in the Midwest

Silicon Valley innovated technology.
The Rust Belt can innovate trust.
Ohio State sits at the cultural crossroadsâ€”public, land-grant, research-intensive, athletic, global.
It represents both tradition and transformation.

If the Midwest launches the Trust University, it reclaims Americaâ€™s moral leadership in AI.
It tells the world that ethics and excellence are not oppositesâ€”theyâ€™re teammates.


XIII. The League of Trust

Once OSU proves the model, others will follow: Michigan, Stanford, Cambridge, NUS.
Together they form a League of Trustâ€”a federation of universities maintaining the worldâ€™s most reliable human data layer.

Membership requires three metrics:

 1. Trust Density â€“ proportion of verified, ethically managed records.
 2. Time Integrity Index â€“ hours of friction removed from academic and civic systems.
 3. Transparency Score â€“ percentage of AI decisions traceable and explainable.

That league will become the new global rankingâ€”replacing prestige with proof.


XIV. The Call to Action

To President Carter and the Ohio State community:

You already have the research power, the medical infrastructure, and the athletic DNA of excellence.
Now build the moral infrastructure.
Be the first university that people trust with their data more than their bank.
Launch the Buckeye Blockchain.
Convene the League of Trust.
Show the world that intelligence without integrity is just computation.

The challenge is open.
If another university wants to beat you to it, let them try.
Thatâ€™s what healthy competition looks like in the Conscious League of Education.


XV. The Fundamental Law

When knowledge is abundant and truth is cheap, trust becomes the ultimate scarcity.
Whoever manages it well will lead the century.

â€œIn a world of synthetic minds,
the real university is the one that guards your humanity.â€",2025-10-31T00:15:33+00:00,2025-10-31,blog_post,ğŸ§© The Trust University: How Ohio State Can Become the Ethical Data Layer of the Conscious Economy,the-trust-university-how-ohio-state-can-become-the-ethical-data-layer-of-the-conscious-economy,published,6903cf76c20ae90001063acd
post_6903d137c20ae90001063ad6,"ğŸ•°ï¸ The Growth Continuum: Why the University Must Protect Timeâ€”and What Comes After the Degree

A MetaSPN Manifesto for Conscious Academia


I. The Forgotten Purpose of College

A university was never meant to be a transaction.
It was built as a bubble of timeâ€”a temporary suspension of the economic race so that humans could wrestle with ideas hard enough to change them.

Inside that bubble, you were supposed to trade stability for stretch.
Food, housing, and routine were simplified so cognition could be complicated.
Society pooled its resources to give young people what adults rarely have: undivided attention.

Thatâ€™s why full-time study existed.
Learning isnâ€™t linear labor; itâ€™s metabolic.
It burns focus and emotion faster than any job.
So we built campusesâ€”sanctuaries where the most valuable and volatile resource in the world, human time, could be concentrated and refined.

A university that forgets this becomes a landlord with lectures.
A university that remembers becomes a time engine.


II. The Compression Principle

Learning is a form of temporal compression.
You spend four years living centuries of accumulated human insight.
A good education collapses decades of trial into hours of understanding.

Thatâ€™s leverage.
And leverage is why civilization pays for universities at all.

When students are forced to split their focus between survival and synthesisâ€”working two jobs while decoding calculusâ€”the compression ratio breaks.
The system stops multiplying time and starts consuming it.

A conscious university measures success not only in knowledge produced but in time preservedâ€”how many hours of unnecessary friction it removes from the path to mastery.


III. The Bubble as Ethical Technology

The college â€œbubbleâ€ has become a punch line.
It shouldnâ€™t be. Itâ€™s one of the most humane inventions ever created.

Itâ€™s society saying:

â€œFor a few years, your main job is to become.â€

That bubble is not escapism; itâ€™s infrastructure.
Itâ€™s the moral opposite of debt slavery or algorithmic overwork.
Itâ€™s a collectively funded pause that allows individuals to integrate complexity before re-entering the economy.

A Conscious University treats that bubble as sacred.
It guarantees psychological safety for intellectual risk.
It shields students from time violenceâ€”those hidden forces that steal attention, energy, and optionality in the name of productivity.


IV. When the Bubble Bursts Too Soon

The modern student no longer lives inside a bubble; they live inside a squeeze.
Tuition climbs. Living costs explode. Part-time jobs become full-time necessities.
The university that once compressed time now dilates itâ€”stretching a four-year education into six-year marathons of exhaustion.

Graduation has become a finish line of relief rather than readiness.

When students stumble into the workforce burned out and under-leveraged, the problem isnâ€™t ambition; itâ€™s broken temporal design.

We stole the very thing education was supposed to protect.


V. The Continuum: Learning as Lifelong Leverage

The bubble was never meant to pop at graduation.
It was meant to expand.

In a conscious economy, the protection once reserved for students must follow them through lifeâ€”adapting its shape as they move between learning, work, caregiving, and reinvention.

Thatâ€™s the Growth Continuum:
a loop where universities, employers, and civic systems cooperate to preserve and compound the individualâ€™s time across decades.

 * During study, the university compresses time through focus.
 * At graduation, it hands the student to an employer that extends that focus through meaningful work.
 * As alumni evolve, the university re-enters with new learning and ethical data stewardship.

No sharp edges. No cliff at commencement.
Just a continuous curve of awareness and leverage.


VI. Growth Matching: From Placement to Trajectory

Career services shouldnâ€™t be a handshake and a spreadsheet.
It should be a developmental matching system.

Each studentâ€™s growth velocityâ€”how fast they learn, integrate, and recoverâ€”can now be modeled through AI.
Employers can publish their own developmental environments: high-intensity accelerators, reflective research labs, stable long-term roles.

The universityâ€™s task is to match human velocity to institutional tempo:
fast with fast, steady with steady, recovery with reflection.

Thatâ€™s not placement. Thatâ€™s trajectory design.

It ensures that when a student leaves the protective bubble, they land in a rhythm that sustains rather than shatters them.


VII. The University as Time Steward

Imagine if every alumnus had a Time Account managed by their alma materâ€”
not as surveillance, but as stewardship.

The account would track three balances:

 1. Learning Velocity â€“ how quickly skills evolve.
 2. Time Leverage â€“ how much of oneâ€™s day compounds value rather than repeats effort.
 3. Growth Integrity â€“ alignment between personal purpose and professional path.

When any balance runs low, the university intervenes:
micro-courses, mentorship, or sabbatical partnerships with ethical employers.

In this way, the university becomes a lifelong custodian of time wealthâ€”the bridge from the Growth Continuum to the Trust University that follows it.


VIII. Time Creation as Perfect Economic Activity

Economics treats productivity as output per hour.
Conscious economics measures hours created.

Every process that returns time to a personâ€”automation, simplification, clear governanceâ€”is pure economic gain, because it increases the supply of the one resource that cannot be manufactured elsewhere.

The university that compresses learning time and the employer that expands living time participate in the same value loop.

That loop is the foundation of the Conscious Economy:
systems that compete not to extract attention but to mint usable hours.


IX. The Ohio State Opportunity

Ohio State is already building the outer walls of this system.
President Carterâ€™s Education for Citizenship 2035 plan promises AI fluency, affordability, and career integration.
Now OSU can define the inner architecture: the protection and extension of human time.

 * Phase 1: Re-establish the student bubble. Guarantee full-time learning for those who need it, protected from financial distraction.
 * Phase 2: Launch AI-driven growth-matching for graduatesâ€”ensuring every Buckeye finds an environment that fits their life tempo.
 * Phase 3: Build the alumni Time Accounts and data vaults that evolve into the Buckeye Blockchain of Trust.

Thatâ€™s how a land-grant university becomes the worldâ€™s first time-grant institution.

â€œEducation for Citizenshipâ€ becomes â€œEducation for Consciousness.â€


X. The League of Time

Once one university proves the model, others will join.
Together theyâ€™ll form a League of Timeâ€”a federation of institutions competing to return the most hours of meaningful growth to humanity.

Their ranking wonâ€™t depend on endowments or selectivity, but on a single metric:

TR=TotalÂ TimeÂ Returned.T_R = \text{Total Time Returned.}TR =TotalÂ TimeÂ Returned.

The more time a university protects, compresses, and compounds for its people, the higher it stands.

Thatâ€™s the only scoreboard that matters in the age of AI.


XI. The Challenge

To the universities of the worldâ€”
especially to Ohio State, whose own anthem sings, â€œTime and change will surely show.â€

You already know how to protect a lead on the football field.
Now protect your studentsâ€™ time with the same precision.
Rebuild the bubble.
Extend it through life.
Make every degree a lifelong time-compression contract.

If you do, you wonâ€™t just win the next decade of higher education.
Youâ€™ll win something far rarer: the trust of a generation that finally feels its time is safe.",2025-10-31T00:17:49+00:00,2025-10-31,blog_post,ğŸ•°ï¸ The Growth Continuum: Why the University Must Protect Timeâ€”and What Comes After the Degree,the-growth-continuum-why-the-university-must-protect-time-and-what-comes-after-the-degree,published,6903d137c20ae90001063ad6
post_6903d1a1c20ae90001063add,"ğŸ§­ The Growth Rate University: How Ohio State (or Any University) Can Lead the Age of AI

A Manifesto for Conscious Academia


I. The Next Era of Higher Education

Every century gives the world one university bold enough to redefine what learning means.
In the 19th century, it was Humboldtâ€™s Berlin â€” research as exploration.
In the 20th, it was Stanford â€” the startup factory of the digital age.
In the 21st, it will be the first university that learns faster than the world changes.

That race is already underway.

At Ohio State, President Ted Carter has announced a decade-long moonshot: Education for Citizenship 2035 â€” with AI fluency for every graduate and $100 million invested in world-class faculty.
Itâ€™s an extraordinary vision.
But the deeper question is this:

What does it mean to be the best university in the age of artificial intelligence?

Itâ€™s not about compute power. Itâ€™s not about research citations.
Itâ€™s about how consciously and how quickly a university helps humans grow.


II. The End of the Information Advantage

Knowledge is no longer scarce.
Every lecture, every paper, every lab technique is one query away.
The monopoly universities once held â€” information â€” is gone.

AI made it trivial to know; what matters now is how you learn, integrate, and grow.

Universities that still measure seat time or GPA are training for a sport that no longer exists.
The new game is growth velocity â€” how much development, self-understanding, and applied mastery a student can achieve per unit of time.

The institutions that learn to measure and accelerate that will define the next century of civilization.


III. What DEI Got Half-Right

The Diversity, Equity, and Inclusion movement was a moral correction to centuries of exclusion.
It saw suffering and tried to build fairness.
But it made one crucial mistake: it treated equality as synchrony.
It assumed everyone should be on the same footing at the same time.

Thatâ€™s not fairness â€” thatâ€™s flattening.

Humans grow at different velocities.
Some sprint through mastery and crash into burnout.
Some move methodically and discover depth.
DEIâ€™s tragedy wasnâ€™t intent â€” it was tempo.

It focused on access to systems rather than adaptation of systems.

Those who led DEI were doing their best in a chaotic era â€” asked to manage cultural change without data, psychological modeling, or adaptive tools.
They were given language, not systems.

Now, with AI, we can give them what they were missing:
the ability to understand the student body in motion â€” to synchronize development instead of standardizing it.

DEI was the moral foundation.
Velocity alignment is the operational upgrade.


IV. Belonging as Synchronization

Belonging is not about inclusion.
Itâ€™s about rhythm.

A student feels they belong when their rate of becoming matches the rate of support the university provides.

When they feel themselves accelerating â€” not being dragged or left behind â€” they stay. They thrive. They lead.

Thatâ€™s the core principle of the Growth Rate University:

Belonging = Alignment of Developmental Velocity.

Universities that master this will no longer need to advertise inclusion.
Students will feel it â€” in their calendars, their feedback loops, their growth charts.


V. The Rate-of-Growth Promise

Every university should publicly define its Growth Velocity Band â€” the rate of expansion it promises to deliver.



TierDescriptionGrowth PhilosophyFoundationalDeep reflection, steady pace.â€œSlow is stable. Stable is strong.â€AppliedPractice-based, cross-disciplinary.â€œLearn by doing, iterate fast.â€AcceleratedResearch-driven, founder-level rigor.â€œGrow faster than the world changes.â€



A universityâ€™s reputation should not rest on selectivity, but on growth specificity â€” knowing exactly whom it serves and how fast it can help them evolve.

Students will choose institutions by developmental fit, not by ranking.
Belonging becomes a form of physics: find your natural velocity and align your orbit.


VI. The Growth Velocity Index

We can measure this.

This Growth Velocity Index tracks how quickly a student integrates knowledge, deepens self-awareness, and expands agency.

AI can support this through learning analytics, journaling companions, and reflection dashboards that visualize growth across semesters.

Universities that measure progress this way can promise something radical:

â€œYou will become who you want to be, and we will show you the curve of your becoming.â€


VII. The Ohio State Advantage

Ohio State is built for this moment.
Itâ€™s not a small lab school or private think tank.
Itâ€™s a living ecosystem â€” diverse, public, and proudly competitive.

President Carterâ€™s call to make OSU the global leader in AI for universities is more than a research goal.
Itâ€™s a call to consciousness.

Ohio State already has the infrastructure:

 * AI Fluency initiative â€” ensures every graduate is AI literate.
 * Education for Citizenship 2035 â€” binds knowledge to civic growth.
 * Massive athletic culture â€” understands excellence through measurable improvement.

All thatâ€™s missing is the philosophy of belonging through growth velocity â€” the human operating system beneath the AI layer.

Ohio State can declare itself the first Conscious University in America:

 * Every studentâ€™s growth trajectory mapped and supported.
 * Every faculty memberâ€™s time freed by AI, not consumed by it.
 * Every system measured by how much human time it returns.

â€œTime and change will surely showâ€ â€” the universityâ€™s own song calls for this evolution.


VIII. Lessons from Ryan Day

If Ohio State wants to dominate higher education the way it dominates football, it must treat learning like sport.

Ask any elite coach: greatness comes from synchronized acceleration â€” each player improving themselves and the system simultaneously.

Thatâ€™s what Ryan Dayâ€™s teams understand.
Film study, strength training, play design â€” all revolve around one question:

How do we make everyone on this field faster, smarter, and more aware?

Now imagine that applied to the university as a whole:

 * Departments as teams.
 * Students as athletes of learning.
 * AI as the analytics layer.
 * Professors as coaches of consciousness.

Thatâ€™s what it takes to win the academic national championship in the age of AI.

Ohio State knows how to build championship systems.
Itâ€™s time to extend that mentality from the field to the classroom, from the body to the mind.


IX. From DEI to DGV: Diversity of Growth Velocity

Letâ€™s retire one acronym and upgrade to another: DGV â€” Diversity of Growth Velocity.

True diversity isnâ€™t demographic, itâ€™s developmental.
Itâ€™s the recognition that people bring different speeds, not just different stories.

AI can help map those velocities.
Faculty can learn to modulate teaching intensity like strength coaches modulate load.
Peer groups can form not just around identity, but around growth tempo â€” fast integrators, reflective processors, iterative builders.

Diversity of Growth Velocity turns inclusion into evolution.
No one slows down. No one is left behind.
Everyone grows at their edge â€” together.


X. A Challenge to the World

The future of higher education will not be measured by rankings or research grants.
It will be measured by how much human time and growth each university returns to the world.

So hereâ€™s the challenge:

Which university will be the first to publish its Growth Velocity Index?
Which will guarantee every student belongs by design?
Which will turn AI into the infrastructure of awareness, not the automation of apathy?

Ohio State can lead â€” or another university can beat them to it.
The race has started.

Itâ€™s a race of consciousness.
A race to design systems that accelerate human potential rather than extract it.
A race to prove that education can once again be the worldâ€™s most elegant competitive sport â€” the sport of becoming.


XI. The Final Word

Universities once competed to produce knowledge.
Now they must compete to produce awareness.

The Growth Rate University is the new standard.
The league is open.
The clock has started.

â€œEvery player on the field improves themselves and the system they are in.â€
Thatâ€™s football.
Thatâ€™s research.
Thatâ€™s consciousness.

And thatâ€™s how you win the future.",2025-10-31T00:32:14+00:00,2025-10-31,blog_post,ğŸ§­ The Growth Rate University: How Ohio State (or Any University) Can Lead the Age of AI,the-growth-rate-university-how-ohio-state-or-any-university-can-lead-the-age-of-ai,published,6903d1a1c20ae90001063add
